<?xml version="1.0" encoding="UTF-8"?>
<!DOCTYPE sqlMap PUBLIC "-//iBATIS.com//DTD SQL Map 2.0//EN" "http://www.ibatis.com/dtd/sql-map-2.dtd">

<sqlMap namespace="Notification">

	<typeAlias  alias="notificationVO" type="egovframework.gettingstart.guide.service.NotificationVO"/>

	<resultMap id="notificationList" class="egovframework.gettingstart.guide.service.NotificationVO">
		<result property="notificationId" column="ID" columnIndex="1"/>
		<result property="notificationSubject" column="SUBJECT" columnIndex="2"/>
		<result property="notificationContents" column="CONTENTS" columnIndex="3"/>
		<result property="notificationTime" column="DATE_TIME" columnIndex="4"/>
		<result property="intervalString" column="INTERVAL" columnIndex="5"/>
		<result property="registerDateTime" column="REGISTER_DATETIME" columnIndex="6"/>
	</resultMap>

	<resultMap id="notificationDetail" class="egovframework.gettingstart.guide.service.NotificationVO">
		<result property="notificationId" column="ID" columnIndex="1"/>
		<result property="notificationSubject" column="SUBJECT" columnIndex="2"/>
		<result property="notificationContents" column="CONTENTS" columnIndex="3"/>
		<result property="notificationTime" column="DATE_TIME" columnIndex="4"/>
		<result property="intervalString" column="INTERVAL" columnIndex="5"/>
		<result property="registerUserId" column="REGISTER_ID" columnIndex="6"/>
		<result property="registerUserName" column="REGISTER_NAME" columnIndex="7"/>
		<result property="registerDateTime" column="REGISTER_DATETIME" columnIndex="8"/>
	</resultMap>

	<select id="NotificationDAO.selectNotificationList" parameterClass="notificationVO" resultMap="notificationList" >
		<![CDATA[
			SELECT 
				a.ID, a.SUBJECT, a.CONTENTS,
				DATE_FORMAT(a.DATE_TIME, '%Y-%m-%d %H:%i:%S') as DATE_TIME, 
				CONCAT(REPLACE(INTERVAL,',','$minuteLabel$,'), '$minuteLabel$') as INTERVAL,
				DATE_FORMAT(a.REGISTER_DATETIME, '%Y-%m-%d') as REGISTER_DATETIME
			FROM
				NOTIFICATION a
			WHERE 1=1	
		]]>
			<isEqual prepend="AND" property="searchCnd" compareValue="0">
				<![CDATA[	a.DATE_TIME LIKE CONCAT (#searchWrd#,'%') 		]]>
			</isEqual>
			<isEqual prepend="AND" property="searchCnd" compareValue="1">
				<![CDATA[	a.SUBJECT LIKE CONCAT ('%', #searchWrd#,'%') 		]]>
			</isEqual>	
			<isEqual prepend="AND" property="searchCnd" compareValue="2">
				<![CDATA[	a.CONTENTS LIKE CONCAT ('%', #searchWrd#,'%') 		]]>
			</isEqual>	
		<![CDATA[			
			ORDER BY a.REGISTER_DATETIME DESC 
			LIMIT #recordCountPerPage# OFFSET #firstIndex#
		]]>				
	</select>	
	
	<select id="NotificationDAO.selectNotificationListCnt" parameterClass="notificationVO" resultClass="java.lang.Integer" >
		<![CDATA[
			SELECT 
				COUNT(a.ID)
			FROM
				NOTIFICATION a
			WHERE 1=1 
		]]>
			<isEqual prepend="AND" property="searchCnd" compareValue="0">
				<![CDATA[	a.DATE_TIME LIKE CONCAT (#searchWrd#,'%') 		]]>
			</isEqual>
			<isEqual prepend="AND" property="searchCnd" compareValue="1">
				<![CDATA[	a.SUBJECT LIKE CONCAT ('%', #searchWrd#,'%') 		]]>
			</isEqual>	
			<isEqual prepend="AND" property="searchCnd" compareValue="2">
				<![CDATA[	a.CONTENTS LIKE CONCAT ('%', #searchWrd#,'%') 		]]>
			</isEqual>	
	</select>

	<insert id="NotificationDAO.insertNotification" parameterClass="notificationVO" >
		<selectKey resultClass="java.lang.String" keyProperty="notificationId">
			SELECT IFNULL(MAX(ID),0)+1 AS ID FROM NOTIFICATION
		</selectKey>
		<![CDATA[
			INSERT INTO NOTIFICATION
			(ID, SUBJECT, CONTENTS,
			 DATE_TIME, INTERVAL,
			 REGISTER_ID, REGISTER_DATETIME )
			VALUES
			( #notificationId#, #notificationSubject#, #notificationContents#, #notificationTime#, #intervalString#, 
			  #registerUserId#, SYSDATE()  
			 )			
		]]>
	</insert>
 
	<select id="NotificationDAO.selectNotification" parameterClass="notificationVO" resultMap="notificationDetail" >
		<!-- TODO 등록자 이름 처리  -->
		<![CDATA[
			SELECT 
				a.ID, a.SUBJECT, a.CONTENTS,
				DATE_FORMAT(STR_TO_DATE(a.DATE_TIME, '%Y%m%d%H%i%S'), '%Y-%m-%d %H:%i:%S') as DATE_TIME,
				CONCAT(REPLACE(a.INTERVAL, ',', '$minuteLabel$,'), '$minuteLabel$') as INTERVAL,
				a.REGISTER_ID, '홍길동' as REGISTER_NAME,
				DATE_FORMAT(a.REGISTER_DATETIME, '%Y-%m-%d %H:%i:%S') as REGISTER_DATETIME
			FROM
				NOTIFICATION a				
			WHERE a.ID = #notificationId#
		]]>				
	</select> 
 
 	<update id="NotificationDAO.updateNotification" parameterClass="notificationVO">
 		<![CDATA[
			UPDATE NOTIFICATION SET 
				SUBJECT = #notificationSubject#,
				CONTENTS = #notificationContents#, 
				DATE_TIME = #notificationTime#,
				INTERVAL = #intervalString#,
				UPDATE_ID = #updateUserId#,
				UPDATE_DATETIME = SYSDATE()
			WHERE ID = #notificationId#
 		]]>
 	</update>

 	<update id="NotificationDAO.deleteNotification" parameterClass="notificationVO">
 		<![CDATA[
			DELETE FROM NOTIFICATION
			WHERE ID = #notificationId#
 		]]>
 	</update>

	<select id="NotificationDAO.getNotificationData" parameterClass="notificationVO" resultMap="notificationList" >
		<![CDATA[
			SELECT 
				a.ID, a.SUBJECT, a.CONTENTS,
				DATE_FORMAT(a.DATE_TIME, '%Y-%m-%d %H:%i:%S') as DATE_TIME, 
				INTERVAL as INTERVAL,
				DATE_FORMAT(a.REGISTER_DATETIME, '%Y-%m-%d %H:%i:%S') as REGISTER_DATETIME
			FROM
				NOTIFICATION a
			WHERE a.DATE_TIME BETWEEN #startDateTime# AND #endDateTime#
		]]>	
		<![CDATA[			
			ORDER BY a.DATE_TIME ASC 
		]]>				
	</select>
</sqlMap>
