<?xml version="1.0" encoding="ISO-8859-1"?>
<!DOCTYPE log4j:configuration SYSTEM "log4j.dtd">
<log4j:configuration 
    xmlns:log4j="http://jakarta.apache.org/log4j/" 
    debug="false">
    
    <appender name="console" class="org.apache.log4j.ConsoleAppender">
        <layout class="org.apache.log4j.PatternLayout">
            <param name="ConversionPattern" value="%d %5p [%c] %m%n" />
        </layout>   
    </appender>
    
    <appender name="file" class="org.apache.log4j.DailyRollingFileAppender">
    	<param name="file" value="/product/logs/application.log"/>
		<param name="Append" value="true"/>
		<param name="DatePattern" value="'.'yyyy-MM-dd"/>
		<layout class="org.apache.log4j.PatternLayout">
			<param name="ConversionPattern" value="%n%d%n\%p : %l%n%m%n%n"/>
		</layout>
	</appender>
    
    <logger name="egovframework.gettingstart" additivity="false">
        <level value="DEBUG"/>
        <appender-ref ref="console"/>
    </logger>

	<!-- log SQL with timing information, post execution -->
	<logger name="jdbc.sqltiming" additivity="false">
		<level value="ERROR" />
		<appender-ref ref="console" />
	</logger>
	
	<logger name="org.springframework" additivity="false">
		<level value="ERROR" />
		<appender-ref ref="console" />
	</logger>
	
	<!-- 
	<logger name="java.sql" additivity="false">
		<level value="DEBUG" />
		<appender-ref ref="console" />
	</logger>
	-->
	
	<root>
		<level value="ERROR" />
		<appender-ref ref="console" />
	</root>
	                   
</log4j:configuration>
