<?xml version="1.0" encoding="UTF-8"?>
<beans xmlns="http://www.springframework.org/schema/beans"
	xmlns:xsi="http://www.w3.org/2001/XMLSchema-instance"
	xsi:schemaLocation="http://www.springframework.org/schema/beans http://www.springframework.org/schema/beans/spring-beans-2.5.xsd">
	 
	<bean name="propertiesService" class="egovframework.rte.fdl.property.impl.EgovPropertyServiceImpl" destroy-method="destroy">
      <property name="properties">
         <map>
            <entry key="Globals.fileStorePath" value="/home/egovframework/upload/"/>
         </map>
      </property>
      <property name="extFileName">
			<set>
				<!--
				<map>
					<entry key="encoding" value="UTF-8"/>
					<entry key="filename" value="file:./src/**/refresh-resource.properties"/>
            	</map>
            	-->
		        <value>classpath*:/properties/*.properties</value>
			</set>
		</property>
	</bean>
</beans>	
