<?xml version="1.0" encoding="UTF-8"?>
<beans xmlns="http://www.springframework.org/schema/beans"
	xmlns:xsi="http://www.w3.org/2001/XMLSchema-instance"
	xsi:schemaLocation="http://www.springframework.org/schema/beans 
		http://www.springframework.org/schema/beans/spring-beans-2.5.xsd">
	
	<!-- HSQLDB -->
	<bean id="dataSource" class="org.apache.commons.dbcp.BasicDataSource" destroy-method="close">
		<property name="driverClassName" value="org.hsqldb.jdbcDriver"/>
		<property name="url" value="jdbc:hsqldb:hsql://localhost/gettingstart" />
		<property name="username" value="sa"/>
		<property name="password" value=""/>
	</bean>
    
	<!-- Oracle -->
	<!--
	<bean id="dataSource" class="org.apache.commons.dbcp.BasicDataSource" destroy-method="close">
		<property name="driverClassName" value="oracle.jdbc.driver.OracleDriver"/>
		<property name="url" value="jdbc:oracle:thin:@192.168.200.22:1521:egovfrm" />
		<property name="username" value="com"/>
		<property name="password" value="com01"/>
	</bean>
    -->
	 
	<!-- MySQL -->
	<!-- 
	<bean id="dataSource" class="org.apache.commons.dbcp.BasicDataSource" destroy-method="close">
		<property name="driverClassName" value="net.sf.log4jdbc.DriverSpy"/>
		<property name="url" value="jdbc:mysql://127.0.0.1:3306/egovframe" />
		<property name="username" value="com"/>
		<property name="password" value="com01"/>
	</bean>
	-->
	
	<!-- using properties -->
	<!-- 
	<bean class="org.springframework.beans.factory.config.PropertyPlaceholderConfigurer">
		<property name="locations">
			<value>file:/home/user/properties/db.properties</value>
		</property>
	</bean>
	
	<bean id="dataSource" class="org.apache.commons.dbcp.BasicDataSource" destroy-method="close">
		<property name="driverClassName" value="${jdbc.driverClassName}"/>
		<property name="url" value="${jdbc.url}" />
		<property name="username" value="${jdbc.username}"/>
		<property name="password" value="${jdbc.password}"/>
	</bean>
	-->
	
	<!-- JNDI DataSource 사용 시.. -->
	<!-- 
	1. xml 설정 추가
		1.1. ns 추가 : xmlns:jee="http://www.springframework.org/schema/jee"
		1.2. xsi:schemaLocation jee 추가 : http://www.springframework.org/schema/jee/spring-jee-2.5.xsd
	2. jee:jndi-lookup 추가
	<jee:jndi-lookup id="dataSource" jndi-name="jdbc/BoardDataSource" resource-ref="true" />
	-->
</beans>
